{
  "UserRecord": [
    {
      "FName": "Insia",
      "LName": "Taha",
      "UName": "TahaIns",
      "Password": "123"
    },
    {
      "id": "2022-12-02T19:50:14.587Z",
      "FName": {
        "FName": "Taha"
      },
      "LName": {
        "LName": "Aftab"
      },
      "UName": {
        "UName": "AftabTah"
      },
      "Password": {
        "Password": "123"
      }
    },
    {
      "record": {
        "FName": "Taha",
        "LName": "Aftab",
        "UName": "AftabTah",
        "Password": "123"
      },
      "id": "bcsYlIk"
    },
    {
      "record": {
        "FName": "Taha",
        "LName": "Aftab",
        "UName": "AftabTah",
        "Password": "123"
      },
      "id": "wEnKMHo"
    },
    {
      "record": {
        "FName": "Taha",
        "LName": "Insia",
        "UName": "insiTah",
        "Password": "123"
      },
      "id": "We15M3G"
    },
    {
      "FName": "Taha",
      "LName": "Insia",
      "UName": "insiTah",
      "Password": "123",
      "id": "J-BzlCB"
    }
  ]
}